698d60d89af56,投稿テスト,2026-02-01,きしもと,aaaaaaaaaaaaaaaaaaaaaaaaaaaa
698d61f054028,投稿テスト,2026-02-12,きしもと,"テストテストテストテストテストテストテストテストテスト
"
698d621986b61,投稿テスト３,2026-02-12,やまだ,テキストテキストテキストテキストテキストテキストテキストテキスト
698d62864416b,投稿テスト４,2026-03-24,はなこ,"ｗｗｗｗｗｗｗｗｗｗｗｗｗｗｗｗｗｗｗｗｗｗｗｗｗｗｗｗｗｗｗｗｗｗｗｗｗｗ
ｗｗｗｗｗｗｗｗｗｗｗｗｗｗｗｗｗｗｗｗｗｗｗｗｗｗｗｗｗｗｗｗｗｗｗｗｗｗｗｗｗｗｗｗ
ｗｗｗｗｗｗｗｗｗｗｗｗｗｗｗｗｗｗｗｗｗｗｗｗｗｗｗｗｗｗｗｗｗｗｗｗｗｗｗｗｗｗｗｗ
"
698e794d55b42,テスト登録,2026-01-01,さいとう,"texttexttexttexttexttexttexttexttexttexttext
texttexttexttexttexttexttexttexttexttexttexttext
texttexttexttexttexttexttexttexttext
texttexttexttexttexttexttexttexttexttexttext
"
